{"cameraMode":{"drawMode":0,"name":"Shaded","section":"Shading Mode"},"sceneLighting":true,"audioPlay":false,"sceneViewState":{"m_AlwaysRefresh":false,"showFog":true,"showSkybox":true,"showFlares":true,"showImageEffects":true,"showParticleSystems":true,"showVisualEffectGraphs":true,"m_FxEnabled":true},"in2DMode":false,"pivot":{"x":2.8908987045288088,"y":2.744798183441162,"z":0.6143655776977539},"rotation":{"x":0.14376312494277955,"y":-0.026400640606880189,"z":0.003889071522280574,"w":0.9893034100532532},"size":6.089334011077881,"orthographic":false}