{"cameraMode":{"drawMode":0,"name":"Shaded","section":"Shading Mode"},"sceneLighting":true,"audioPlay":false,"sceneViewState":{"m_AlwaysRefresh":false,"showFog":true,"showSkybox":true,"showFlares":true,"showImageEffects":true,"showParticleSystems":true,"showVisualEffectGraphs":true,"m_FxEnabled":true},"in2DMode":false,"pivot":{"x":4.615642547607422,"y":-5.5026326179504398,"z":9.692398071289063},"rotation":{"x":0.13148613274097444,"y":0.08201707899570465,"z":-0.010817701928317547,"w":0.9879204034805298},"size":17.421676635742189,"orthographic":false}